{
  "a": 0.5494975743027327,
  "b": 0.11041139275213457,
  "n_samples": 199,
  "brier_before": 0.0284384705915178,
  "brier_after": 0.028401345148644203
}